user_id,user_name,full_name,avatar_url
0,74G1 Úts,74G1 Úts,https://picsum.photos/200/200?random=0
1,7985 Sunguyen,7985 Sunguyen,https://picsum.photos/200/200?random=1
2,Alex,Alex,https://picsum.photos/200/200?random=2
3,Alice Nguyen,Alice Nguyen,https://picsum.photos/200/200?random=3
4,An Nguyễn,An Nguyễn,https://picsum.photos/200/200?random=4
5,Anh,Anh,https://picsum.photos/200/200?random=5
6,Anh Chi,Anh Chi,https://picsum.photos/200/200?random=6
7,Anh Le,Anh Le,https://picsum.photos/200/200?random=7
8,Anh Nguyễn,Anh Nguyễn,https://picsum.photos/200/200?random=8
9,Anh Son,Anh Son,https://picsum.photos/200/200?random=9
10,Anh Vũ,Anh Vũ,https://picsum.photos/200/200?random=10
11,B & B (ĐẠO BÁNH MÌ),B & B (ĐẠO BÁNH MÌ),https://picsum.photos/200/200?random=11
12,Bao Tran,Bao Tran,https://picsum.photos/200/200?random=12
13,Belle Huong,Belle Huong,https://picsum.photos/200/200?random=13
14,Bien NQ,Bien NQ,https://picsum.photos/200/200?random=14
15,Binh Arsenal,Binh Arsenal,https://picsum.photos/200/200?random=15
16,Binh Pham,Binh Pham,https://picsum.photos/200/200?random=16
17,Binh Phuong Tang,Binh Phuong Tang,https://picsum.photos/200/200?random=17
18,Blue Fam,Blue Fam,https://picsum.photos/200/200?random=18
19,Bui Giang Official,Bui Giang Official,https://picsum.photos/200/200?random=19
20,Bui Ngoc Anh,Bui Ngoc Anh,https://picsum.photos/200/200?random=20
21,Bui Van Phung,Bui Van Phung,https://picsum.photos/200/200?random=21
22,Bách Dv,Bách Dv,https://picsum.photos/200/200?random=22
23,Bình Quang,Bình Quang,https://picsum.photos/200/200?random=23
24,Bùi Hồng Phú,Bùi Hồng Phú,https://picsum.photos/200/200?random=24
25,Bùi Thanh Thảo,Bùi Thanh Thảo,https://picsum.photos/200/200?random=25
26,Bảo Linh,Bảo Linh,https://picsum.photos/200/200?random=26
27,CHAU Tran Vinh,CHAU Tran Vinh,https://picsum.photos/200/200?random=27
28,CWT,CWT,https://picsum.photos/200/200?random=28
29,Cam Nguyen Tri,Cam Nguyen Tri,https://picsum.photos/200/200?random=29
30,Chau Thieu Nguyen,Chau Thieu Nguyen,https://picsum.photos/200/200?random=30
31,Chiên Lý,Chiên Lý,https://picsum.photos/200/200?random=31
32,Chiến Thắng Nguyễn,Chiến Thắng Nguyễn,https://picsum.photos/200/200?random=32
33,Chung Huỳnh Phát,Chung Huỳnh Phát,https://picsum.photos/200/200?random=33
34,Chung Nguyenngoc,Chung Nguyenngoc,https://picsum.photos/200/200?random=34
35,Chí Nguyễn Đức,Chí Nguyễn Đức,https://picsum.photos/200/200?random=35
36,Cindy T,Cindy T,https://picsum.photos/200/200?random=36
37,Cream Cappucino,Cream Cappucino,https://picsum.photos/200/200?random=37
38,Cun,Cun,https://picsum.photos/200/200?random=38
39,Cuong Nguyen,Cuong Nguyen,https://picsum.photos/200/200?random=39
40,Cuong Trieu Kim,Cuong Trieu Kim,https://picsum.photos/200/200?random=40
41,Công Nguyễn,Công Nguyễn,https://picsum.photos/200/200?random=41
42,Cúc Thích Đi Chơi,Cúc Thích Đi Chơi,https://picsum.photos/200/200?random=42
43,Cường Hà,Cường Hà,https://picsum.photos/200/200?random=43
44,Cường Nguyễn,Cường Nguyễn,https://picsum.photos/200/200?random=44
45,Cường Ngô,Cường Ngô,https://picsum.photos/200/200?random=45
46,Cầu Hoàng,Cầu Hoàng,https://picsum.photos/200/200?random=46
47,Cậu Ba,Cậu Ba,https://picsum.photos/200/200?random=47
48,Dan Trotter,Dan Trotter,https://picsum.photos/200/200?random=48
49,Dat Nguyen (refrez),Dat Nguyen (refrez),https://picsum.photos/200/200?random=49
50,Dau Vu Chau,Dau Vu Chau,https://picsum.photos/200/200?random=50
51,David Nguyen,David Nguyen,https://picsum.photos/200/200?random=51
52,Diem hong,Diem hong,https://picsum.photos/200/200?random=52
53,Dinh Phuong Nu,Dinh Phuong Nu,https://picsum.photos/200/200?random=53
54,Discovery Indochina,Discovery Indochina,https://picsum.photos/200/200?random=54
55,Do Thanh Nhan (Anh Duy Đà Lạt),Do Thanh Nhan (Anh Duy Đà Lạt),https://picsum.photos/200/200?random=55
56,Do Xuan Quang,Do Xuan Quang,https://picsum.photos/200/200?random=56
57,Doan Dan Tam,Doan Dan Tam,https://picsum.photos/200/200?random=57
58,Dong Hoang,Dong Hoang,https://picsum.photos/200/200?random=58
59,Doãn Thường,Doãn Thường,https://picsum.photos/200/200?random=59
60,Dr. Tran Tuan Long,Dr. Tran Tuan Long,https://picsum.photos/200/200?random=60
61,Du Mục (Đi & Đi),Du Mục (Đi & Đi),https://picsum.photos/200/200?random=61
62,Duc Anh Nguyen,Duc Anh Nguyen,https://picsum.photos/200/200?random=62
63,Duc Huy Nguyen,Duc Huy Nguyen,https://picsum.photos/200/200?random=63
64,Dung Ngo Van,Dung Ngo Van,https://picsum.photos/200/200?random=64
65,Dung Nguyễn,Dung Nguyễn,https://picsum.photos/200/200?random=65
66,Dung Đặng,Dung Đặng,https://picsum.photos/200/200?random=66
67,Duong The Tang,Duong The Tang,https://picsum.photos/200/200?random=67
68,Dustin,Dustin,https://picsum.photos/200/200?random=68
69,Duy Cường Nguyễn,Duy Cường Nguyễn,https://picsum.photos/200/200?random=69
70,Duy Nguyen,Duy Nguyen,https://picsum.photos/200/200?random=70
71,Duy Nguyễn,Duy Nguyễn,https://picsum.photos/200/200?random=71
72,Duy Nguyễn Anh,Duy Nguyễn Anh,https://picsum.photos/200/200?random=72
73,Duy Quyen,Duy Quyen,https://picsum.photos/200/200?random=73
74,Dũng,Dũng,https://picsum.photos/200/200?random=74
75,Dũng Lê Chí,Dũng Lê Chí,https://picsum.photos/200/200?random=75
76,Dũng Nguyễn,Dũng Nguyễn,https://picsum.photos/200/200?random=76
77,Dũng Xã Đàn,Dũng Xã Đàn,https://picsum.photos/200/200?random=77
78,Dương Nguyễn,Dương Nguyễn,https://picsum.photos/200/200?random=78
79,Dương Ngọc Lang,Dương Ngọc Lang,https://picsum.photos/200/200?random=79
80,Dương Từ Hồng,Dương Từ Hồng,https://picsum.photos/200/200?random=80
81,Dương Văn Quốc,Dương Văn Quốc,https://picsum.photos/200/200?random=81
82,Dương Văn Thái,Dương Văn Thái,https://picsum.photos/200/200?random=82
83,ERAV,ERAV,https://picsum.photos/200/200?random=83
84,Em Bé Tây Nguyên,Em Bé Tây Nguyên,https://picsum.photos/200/200?random=84
85,Ethenys Selene,Ethenys Selene,https://picsum.photos/200/200?random=85
86,Freebird Cánh chim tự do,Freebird Cánh chim tự do,https://picsum.photos/200/200?random=86
87,Fung Kim,Fung Kim,https://picsum.photos/200/200?random=87
88,GBM Farm,GBM Farm,https://picsum.photos/200/200?random=88
89,GIÁO LÊ,GIÁO LÊ,https://picsum.photos/200/200?random=89
90,GWEN,GWEN,https://picsum.photos/200/200?random=90
91,Giang Hoàng,Giang Hoàng,https://picsum.photos/200/200?random=91
92,Giang Hà,Giang Hà,https://picsum.photos/200/200?random=92
93,Giang Nguyen,Giang Nguyen,https://picsum.photos/200/200?random=93
94,Gấu Tumi,Gấu Tumi,https://picsum.photos/200/200?random=94
95,HOAN TẠ,HOAN TẠ,https://picsum.photos/200/200?random=95
96,HOANG,HOANG,https://picsum.photos/200/200?random=96
97,HT Harry (Harris),HT Harry (Harris),https://picsum.photos/200/200?random=97
98,Ha Hoang,Ha Hoang,https://picsum.photos/200/200?random=98
99,Ha Nguyen,Ha Nguyen,https://picsum.photos/200/200?random=99
100,Ha Trung Hieu,Ha Trung Hieu,https://picsum.photos/200/200?random=100
101,Ha Tân Yoga & Cuộc Sống .,Ha Tân Yoga & Cuộc Sống .,https://picsum.photos/200/200?random=101
102,Hai Kim,Hai Kim,https://picsum.photos/200/200?random=102
103,Hai Nguyen,Hai Nguyen,https://picsum.photos/200/200?random=103
104,Hanh Nguyen,Hanh Nguyen,https://picsum.photos/200/200?random=104
105,Hao Nguyen Manh,Hao Nguyen Manh,https://picsum.photos/200/200?random=105
106,Henry Nguyen,Henry Nguyen,https://picsum.photos/200/200?random=106
107,Henry Nguyễn Thanh Đạt,Henry Nguyễn Thanh Đạt,https://picsum.photos/200/200?random=107
108,Henry Pham,Henry Pham,https://picsum.photos/200/200?random=108
109,Hero Xạ Điêu,Hero Xạ Điêu,https://picsum.photos/200/200?random=109
110,Hien Nguyen,Hien Nguyen,https://picsum.photos/200/200?random=110
111,Hiep Nguyen,Hiep Nguyen,https://picsum.photos/200/200?random=111
112,Hieu Bui,Hieu Bui,https://picsum.photos/200/200?random=112
113,Hieu Doan,Hieu Doan,https://picsum.photos/200/200?random=113
114,Hieu Hong,Hieu Hong,https://picsum.photos/200/200?random=114
115,Hieu Nguyen,Hieu Nguyen,https://picsum.photos/200/200?random=115
116,Hieu Nguyen Manh,Hieu Nguyen Manh,https://picsum.photos/200/200?random=116
117,Hiếu Nguyễn,Hiếu Nguyễn,https://picsum.photos/200/200?random=117
118,Hiếu Phạm,Hiếu Phạm,https://picsum.photos/200/200?random=118
119,Hiếu SS,Hiếu SS,https://picsum.photos/200/200?random=119
120,Hiền Lê,Hiền Lê,https://picsum.photos/200/200?random=120
121,Hiền Nguyễn,Hiền Nguyễn,https://picsum.photos/200/200?random=121
122,Hiền Trần,Hiền Trần,https://picsum.photos/200/200?random=122
123,Hiển Nguyễn Đình,Hiển Nguyễn Đình,https://picsum.photos/200/200?random=123
124,Hiệp Lưu,Hiệp Lưu,https://picsum.photos/200/200?random=124
125,Ho Nhat Truong,Ho Nhat Truong,https://picsum.photos/200/200?random=125
126,Hoa Ngô,Hoa Ngô,https://picsum.photos/200/200?random=126
127,Hoa Sữa,Hoa Sữa,https://picsum.photos/200/200?random=127
128,Hoa Thai,Hoa Thai,https://picsum.photos/200/200?random=128
129,Hoang Ngan,Hoang Ngan,https://picsum.photos/200/200?random=129
130,Hoang Nguyen,Hoang Nguyen,https://picsum.photos/200/200?random=130
131,Hoang Tran,Hoang Tran,https://picsum.photos/200/200?random=131
132,Hoang trung Dung,Hoang trung Dung,https://picsum.photos/200/200?random=132
133,Hong Nguyen,Hong Nguyen,https://picsum.photos/200/200?random=133
134,HongHao Vo,HongHao Vo,https://picsum.photos/200/200?random=134
135,Hoài Nguyễn,Hoài Nguyễn,https://picsum.photos/200/200?random=135
136,Hoàng Anh,Hoàng Anh,https://picsum.photos/200/200?random=136
137,Hoàng Giang Vũ,Hoàng Giang Vũ,https://picsum.photos/200/200?random=137
138,Hoàng Minh,Hoàng Minh,https://picsum.photos/200/200?random=138
139,Hoàng Nguyễn,Hoàng Nguyễn,https://picsum.photos/200/200?random=139
140,Hoàng Thanh Trần,Hoàng Thanh Trần,https://picsum.photos/200/200?random=140
141,Hoàng Thị Huyền,Hoàng Thị Huyền,https://picsum.photos/200/200?random=141
142,Hoàng Việt,Hoàng Việt,https://picsum.photos/200/200?random=142
143,Hoàng Văn Thùy,Hoàng Văn Thùy,https://picsum.photos/200/200?random=143
144,Hoàng Vũ,Hoàng Vũ,https://picsum.photos/200/200?random=144
145,Hoàng Yến Hồ,Hoàng Yến Hồ,https://picsum.photos/200/200?random=145
146,Hoàng Đỗ Minh,Hoàng Đỗ Minh,https://picsum.photos/200/200?random=146
147,Hoá Nhi Messi,Hoá Nhi Messi,https://picsum.photos/200/200?random=147
148,Hue Nguyen,Hue Nguyen,https://picsum.photos/200/200?random=148
149,Hung Cuong Nguyen,Hung Cuong Nguyen,https://picsum.photos/200/200?random=149
150,Hung Manh Thuong,Hung Manh Thuong,https://picsum.photos/200/200?random=150
151,Hung Nguyen,Hung Nguyen,https://picsum.photos/200/200?random=151
152,Hung Pham Ngoc,Hung Pham Ngoc,https://picsum.photos/200/200?random=152
153,Hung Tran,Hung Tran,https://picsum.photos/200/200?random=153
154,Huong nguyen,Huong nguyen,https://picsum.photos/200/200?random=154
155,Huy Lê,Huy Lê,https://picsum.photos/200/200?random=155
156,Huy NguyenChan,Huy NguyenChan,https://picsum.photos/200/200?random=156
157,Huy Nguyễn,Huy Nguyễn,https://picsum.photos/200/200?random=157
158,Huy Tran,Huy Tran,https://picsum.photos/200/200?random=158
159,Huy Trung,Huy Trung,https://picsum.photos/200/200?random=159
160,Huy Trần,Huy Trần,https://picsum.photos/200/200?random=160
161,Huyen Tran,Huyen Tran,https://picsum.photos/200/200?random=161
162,Huyền Nguyễn,Huyền Nguyễn,https://picsum.photos/200/200?random=162
163,Huệ Chân,Huệ Chân,https://picsum.photos/200/200?random=163
164,Huỳnh Thanh,Huỳnh Thanh,https://picsum.photos/200/200?random=164
165,Hà Anh Dũng,Hà Anh Dũng,https://picsum.photos/200/200?random=165
166,Hài Hay Râu chém gió,Hài Hay Râu chém gió,https://picsum.photos/200/200?random=166
167,Hàng Hỷ Vinh,Hàng Hỷ Vinh,https://picsum.photos/200/200?random=167
168,Hân Hân Ngọc,Hân Hân Ngọc,https://picsum.photos/200/200?random=168
169,Hòa Hiệp Nguyễn,Hòa Hiệp Nguyễn,https://picsum.photos/200/200?random=169
170,Hòa Ngô Huy,Hòa Ngô Huy,https://picsum.photos/200/200?random=170
171,Hùng Nguyễn,Hùng Nguyễn,https://picsum.photos/200/200?random=171
172,Hý Ann,Hý Ann,https://picsum.photos/200/200?random=172
173,HƯNG DƯƠNG QUỐC,HƯNG DƯƠNG QUỐC,https://picsum.photos/200/200?random=173
174,Hương Lê,Hương Lê,https://picsum.photos/200/200?random=174
175,Hải Nguyễn,Hải Nguyễn,https://picsum.photos/200/200?random=175
176,Hải Phạm,Hải Phạm,https://picsum.photos/200/200?random=176
177,HẰNG NGUYỄN,HẰNG NGUYỄN,https://picsum.photos/200/200?random=177
178,Hằng Nguyễn,Hằng Nguyễn,https://picsum.photos/200/200?random=178
179,Hằng Thúy,Hằng Thúy,https://picsum.photos/200/200?random=179
180,Hồng Ngọc Dương,Hồng Ngọc Dương,https://picsum.photos/200/200?random=180
181,Jamo,Jamo,https://picsum.photos/200/200?random=181
182,Jenny Tran,Jenny Tran,https://picsum.photos/200/200?random=182
183,Joaquin,Joaquin,https://picsum.photos/200/200?random=183
184,John Tran,John Tran,https://picsum.photos/200/200?random=184
185,July,July,https://picsum.photos/200/200?random=185
186,June Vu,June Vu,https://picsum.photos/200/200?random=186
187,K BIL,K BIL,https://picsum.photos/200/200?random=187
188,KIm Phượng Lê Thị,KIm Phượng Lê Thị,https://picsum.photos/200/200?random=188
189,Kha,Kha,https://picsum.photos/200/200?random=189
190,Kha Thiên Lộc Travel,Kha Thiên Lộc Travel,https://picsum.photos/200/200?random=190
191,Khang Nguyễn,Khang Nguyễn,https://picsum.photos/200/200?random=191
192,Khanh Hoang Ngoc,Khanh Hoang Ngoc,https://picsum.photos/200/200?random=192
193,Khanh Nguyen,Khanh Nguyen,https://picsum.photos/200/200?random=193
194,Khoan Lang,Khoan Lang,https://picsum.photos/200/200?random=194
195,Khong Quy,Khong Quy,https://picsum.photos/200/200?random=195
196,Khánh Toàn Trần,Khánh Toàn Trần,https://picsum.photos/200/200?random=196
197,Khánh Trần,Khánh Trần,https://picsum.photos/200/200?random=197
198,Khương Duy,Khương Duy,https://picsum.photos/200/200?random=198
199,Kim Cuong Vo,Kim Cuong Vo,https://picsum.photos/200/200?random=199
200,Kim Pink,Kim Pink,https://picsum.photos/200/200?random=200
201,Kim Tuyến,Kim Tuyến,https://picsum.photos/200/200?random=201
202,Kin Kỳ Ơii,Kin Kỳ Ơii,https://picsum.photos/200/200?random=202
203,Kiên Nguyễn,Kiên Nguyễn,https://picsum.photos/200/200?random=203
204,Kiếp Phi Long,Kiếp Phi Long,https://picsum.photos/200/200?random=204
205,Kiều Oanh,Kiều Oanh,https://picsum.photos/200/200?random=205
206,Kiệt Nguyễn,Kiệt Nguyễn,https://picsum.photos/200/200?random=206
207,Kiệt Trương Nhân,Kiệt Trương Nhân,https://picsum.photos/200/200?random=207
208,Kurt Cobain 9,Kurt Cobain 9,https://picsum.photos/200/200?random=208
209,Kẻ lang thang rỗi việc,Kẻ lang thang rỗi việc,https://picsum.photos/200/200?random=209
210,Lam Huong,Lam Huong,https://picsum.photos/200/200?random=210
211,Lam Quoc Tien,Lam Quoc Tien,https://picsum.photos/200/200?random=211
212,Lam Tran,Lam Tran,https://picsum.photos/200/200?random=212
213,Lan Anh Nguyễn,Lan Anh Nguyễn,https://picsum.photos/200/200?random=213
214,Le,Le,https://picsum.photos/200/200?random=214
215,Le Cong,Le Cong,https://picsum.photos/200/200?random=215
216,Le Huy Son,Le Huy Son,https://picsum.photos/200/200?random=216
217,Le Quoc Viet,Le Quoc Viet,https://picsum.photos/200/200?random=217
218,Le Tu Thanh,Le Tu Thanh,https://picsum.photos/200/200?random=218
219,LeVi Na,LeVi Na,https://picsum.photos/200/200?random=219
220,Lee Anh,Lee Anh,https://picsum.photos/200/200?random=220
221,Lenmang Tieusau,Lenmang Tieusau,https://picsum.photos/200/200?random=221
222,Liem Nguyen,Liem Nguyen,https://picsum.photos/200/200?random=222
223,Liem Thanh,Liem Thanh,https://picsum.photos/200/200?random=223
224,Lien Le,Lien Le,https://picsum.photos/200/200?random=224
225,Lim A,Lim A,https://picsum.photos/200/200?random=225
226,Linh Kona,Linh Kona,https://picsum.photos/200/200?random=226
227,Linh Nguyen,Linh Nguyen,https://picsum.photos/200/200?random=227
228,Linh Nguyễn,Linh Nguyễn,https://picsum.photos/200/200?random=228
229,Linh Ngô,Linh Ngô,https://picsum.photos/200/200?random=229
230,Linh Pham,Linh Pham,https://picsum.photos/200/200?random=230
231,Linh Phi,Linh Phi,https://picsum.photos/200/200?random=231
232,Linh Phương,Linh Phương,https://picsum.photos/200/200?random=232
233,Linh Vu,Linh Vu,https://picsum.photos/200/200?random=233
234,Linh Vũ Triều,Linh Vũ Triều,https://picsum.photos/200/200?random=234
235,Lo Gia Thuan,Lo Gia Thuan,https://picsum.photos/200/200?random=235
236,Long Hoang,Long Hoang,https://picsum.photos/200/200?random=236
237,Long Pham,Long Pham,https://picsum.photos/200/200?random=237
238,Long Đỗ,Long Đỗ,https://picsum.photos/200/200?random=238
239,Lovey Dovey Trần Nguyễn Gia Linh,Lovey Dovey Trần Nguyễn Gia Linh,https://picsum.photos/200/200?random=239
240,Luc Nguyen,Luc Nguyen,https://picsum.photos/200/200?random=240
241,Luân Duy,Luân Duy,https://picsum.photos/200/200?random=241
242,Luân Nguyễn,Luân Nguyễn,https://picsum.photos/200/200?random=242
243,Lâm Nguyễn,Lâm Nguyễn,https://picsum.photos/200/200?random=243
244,Lâm Ngọc Đảng,Lâm Ngọc Đảng,https://picsum.photos/200/200?random=244
245,Lê Anh Tuân,Lê Anh Tuân,https://picsum.photos/200/200?random=245
246,Lê Duy Tân,Lê Duy Tân,https://picsum.photos/200/200?random=246
247,Lê Hoài Nam,Lê Hoài Nam,https://picsum.photos/200/200?random=247
248,Lò Lâm Ngữ (Nash Lo),Lò Lâm Ngữ (Nash Lo),https://picsum.photos/200/200?random=248
249,Lương Thanh,Lương Thanh,https://picsum.photos/200/200?random=249
250,Lắk Tourguide Toàn,Lắk Tourguide Toàn,https://picsum.photos/200/200?random=250
251,Lộc Hồ,Lộc Hồ,https://picsum.photos/200/200?random=251
252,Mai Ninh,Mai Ninh,https://picsum.photos/200/200?random=252
253,May Lê,May Lê,https://picsum.photos/200/200?random=253
254,Meow,Meow,https://picsum.photos/200/200?random=254
255,MiVy 1705,MiVy 1705,https://picsum.photos/200/200?random=255
256,Min Đzuf Official,Min Đzuf Official,https://picsum.photos/200/200?random=256
257,Ming Minh,Ming Minh,https://picsum.photos/200/200?random=257
258,Minh Doan Huy,Minh Doan Huy,https://picsum.photos/200/200?random=258
259,Minh Lê,Minh Lê,https://picsum.photos/200/200?random=259
260,Minh Minh,Minh Minh,https://picsum.photos/200/200?random=260
261,Minh Nguyen,Minh Nguyen,https://picsum.photos/200/200?random=261
262,Minh Nguyễn,Minh Nguyễn,https://picsum.photos/200/200?random=262
263,Minh Pham,Minh Pham,https://picsum.photos/200/200?random=263
264,Minh Phạm,Minh Phạm,https://picsum.photos/200/200?random=264
265,Minh Quang,Minh Quang,https://picsum.photos/200/200?random=265
266,Minh Quân Võ,Minh Quân Võ,https://picsum.photos/200/200?random=266
267,Minh Tu,Minh Tu,https://picsum.photos/200/200?random=267
268,Minh Tuấn,Minh Tuấn,https://picsum.photos/200/200?random=268
269,Minh Tâm,Minh Tâm,https://picsum.photos/200/200?random=269
270,Minh Tú,Minh Tú,https://picsum.photos/200/200?random=270
271,Mister FluteSax,Mister FluteSax,https://picsum.photos/200/200?random=271
272,Mit Mit,Mit Mit,https://picsum.photos/200/200?random=272
273,Miu,Miu,https://picsum.photos/200/200?random=273
274,Mr BIG,Mr BIG,https://picsum.photos/200/200?random=274
275,Mr Thang - Dusit Tran,Mr Thang - Dusit Tran,https://picsum.photos/200/200?random=275
276,Mr Thành - Định vị Vntrack,Mr Thành - Định vị Vntrack,https://picsum.photos/200/200?random=276
277,Mr Trung,Mr Trung,https://picsum.photos/200/200?random=277
278,Mr Vu,Mr Vu,https://picsum.photos/200/200?random=278
279,Mudra House,Mudra House,https://picsum.photos/200/200?random=279
280,My Hoc Vuong Le,My Hoc Vuong Le,https://picsum.photos/200/200?random=280
281,My Ngoc (Jade Lai),My Ngoc (Jade Lai),https://picsum.photos/200/200?random=281
282,Mê Kông Việt Nam,Mê Kông Việt Nam,https://picsum.photos/200/200?random=282
283,Mộng Linh Trần,Mộng Linh Trần,https://picsum.photos/200/200?random=283
284,NAM DUC,NAM DUC,https://picsum.photos/200/200?random=284
285,NAM Nguyen,NAM Nguyen,https://picsum.photos/200/200?random=285
286,NCD Review,NCD Review,https://picsum.photos/200/200?random=286
287,NGUYEN QUANG THE (thequang2194),NGUYEN QUANG THE (thequang2194),https://picsum.photos/200/200?random=287
288,Nadal Lee Nguyen,Nadal Lee Nguyen,https://picsum.photos/200/200?random=288
289,Nae Sarang,Nae Sarang,https://picsum.photos/200/200?random=289
290,Nam Le,Nam Le,https://picsum.photos/200/200?random=290
291,Nam Maivan,Nam Maivan,https://picsum.photos/200/200?random=291
292,Nam Nguyen,Nam Nguyen,https://picsum.photos/200/200?random=292
293,Nam Nguyễn,Nam Nguyễn,https://picsum.photos/200/200?random=293
294,Nam Phạm Văn,Nam Phạm Văn,https://picsum.photos/200/200?random=294
295,Nga Nguyen,Nga Nguyen,https://picsum.photos/200/200?random=295
296,Nghia Nguyen,Nghia Nguyen,https://picsum.photos/200/200?random=296
297,Nghĩa Lê,Nghĩa Lê,https://picsum.photos/200/200?random=297
298,Nghĩa Vũ Trung,Nghĩa Vũ Trung,https://picsum.photos/200/200?random=298
299,Ngo Van,Ngo Van,https://picsum.photos/200/200?random=299
300,Ngoc Anh,Ngoc Anh,https://picsum.photos/200/200?random=300
301,Ngoc Anh Le,Ngoc Anh Le,https://picsum.photos/200/200?random=301
302,Ngoc Le Hai,Ngoc Le Hai,https://picsum.photos/200/200?random=302
303,Ngoc Pham,Ngoc Pham,https://picsum.photos/200/200?random=303
304,Ngoc Son Nguyen,Ngoc Son Nguyen,https://picsum.photos/200/200?random=304
305,Nguyen Canh,Nguyen Canh,https://picsum.photos/200/200?random=305
306,Nguyen Cong Hung,Nguyen Cong Hung,https://picsum.photos/200/200?random=306
307,Nguyen Duc Hanh,Nguyen Duc Hanh,https://picsum.photos/200/200?random=307
308,Nguyen Hang,Nguyen Hang,https://picsum.photos/200/200?random=308
309,Nguyen Hoang Anh,Nguyen Hoang Anh,https://picsum.photos/200/200?random=309
310,Nguyen Hung,Nguyen Hung,https://picsum.photos/200/200?random=310
311,Nguyen Khuong Duy,Nguyen Khuong Duy,https://picsum.photos/200/200?random=311
312,Nguyen Luong Hung,Nguyen Luong Hung,https://picsum.photos/200/200?random=312
313,Nguyen Minh Tri,Nguyen Minh Tri,https://picsum.photos/200/200?random=313
314,Nguyen Nam,Nguyen Nam,https://picsum.photos/200/200?random=314
315,Nguyen Quoc Tien,Nguyen Quoc Tien,https://picsum.photos/200/200?random=315
316,Nguyen Thanh Binh,Nguyen Thanh Binh,https://picsum.photos/200/200?random=316
317,Nguyen Thuy Linh,Nguyen Thuy Linh,https://picsum.photos/200/200?random=317
318,Nguyen Tien,Nguyen Tien,https://picsum.photos/200/200?random=318
319,Nguyenthanh Duy-Anh,Nguyenthanh Duy-Anh,https://picsum.photos/200/200?random=319
320,Nguyên Longan,Nguyên Longan,https://picsum.photos/200/200?random=320
321,Nguyễn Anh Trung,Nguyễn Anh Trung,https://picsum.photos/200/200?random=321
322,Nguyễn Hữu Huy (Daniel Nguyen),Nguyễn Hữu Huy (Daniel Nguyen),https://picsum.photos/200/200?random=322
323,Nguyễn Hữu Khánh,Nguyễn Hữu Khánh,https://picsum.photos/200/200?random=323
324,Nguyễn Khắc Long,Nguyễn Khắc Long,https://picsum.photos/200/200?random=324
325,Nguyễn Linh,Nguyễn Linh,https://picsum.photos/200/200?random=325
326,Nguyễn Long Lê,Nguyễn Long Lê,https://picsum.photos/200/200?random=326
327,Nguyễn Minh Huy,Nguyễn Minh Huy,https://picsum.photos/200/200?random=327
328,Nguyễn Ngọc Hướng,Nguyễn Ngọc Hướng,https://picsum.photos/200/200?random=328
329,Nguyễn Patrick,Nguyễn Patrick,https://picsum.photos/200/200?random=329
330,Nguyễn Phú Tùng,Nguyễn Phú Tùng,https://picsum.photos/200/200?random=330
331,Nguyễn Phương Quỳnh,Nguyễn Phương Quỳnh,https://picsum.photos/200/200?random=331
332,Nguyễn Thanh Ngọc,Nguyễn Thanh Ngọc,https://picsum.photos/200/200?random=332
333,Nguyễn Thị Thanh Loan,Nguyễn Thị Thanh Loan,https://picsum.photos/200/200?random=333
334,Nguyễn Tùng,Nguyễn Tùng,https://picsum.photos/200/200?random=334
335,Nguyễn Ánh,Nguyễn Ánh,https://picsum.photos/200/200?random=335
336,Nguyễn Đặng Trí Khang,Nguyễn Đặng Trí Khang,https://picsum.photos/200/200?random=336
337,Ngô Việt Lập,Ngô Việt Lập,https://picsum.photos/200/200?random=337
338,Người dùng Google,Người dùng Google,https://picsum.photos/200/200?random=338
339,Ngọc Hồng,Ngọc Hồng,https://picsum.photos/200/200?random=339
340,Ngọc Nguyễn,Ngọc Nguyễn,https://picsum.photos/200/200?random=340
341,Ngọc Thái,Ngọc Thái,https://picsum.photos/200/200?random=341
342,Ngọc Thảo Bách,Ngọc Thảo Bách,https://picsum.photos/200/200?random=342
343,Ngọc Ánh (Chanh),Ngọc Ánh (Chanh),https://picsum.photos/200/200?random=343
344,Ngọc Đồng Thị,Ngọc Đồng Thị,https://picsum.photos/200/200?random=344
345,Nhat Long Vo,Nhat Long Vo,https://picsum.photos/200/200?random=345
346,Nhat Minh Bui,Nhat Minh Bui,https://picsum.photos/200/200?random=346
347,Nhi Nguyen,Nhi Nguyen,https://picsum.photos/200/200?random=347
348,Nhon Nguyen Thi,Nhon Nguyen Thi,https://picsum.photos/200/200?random=348
349,Nhung Nguyễn,Nhung Nguyễn,https://picsum.photos/200/200?random=349
350,Nhân Quảng Nguyễn,Nhân Quảng Nguyễn,https://picsum.photos/200/200?random=350
351,Nhược Pháp,Nhược Pháp,https://picsum.photos/200/200?random=351
352,Nhật Ký Du Lịch,Nhật Ký Du Lịch,https://picsum.photos/200/200?random=352
353,Ninh Ngô Hải,Ninh Ngô Hải,https://picsum.photos/200/200?random=353
354,No,No,https://picsum.photos/200/200?random=354
355,Nông Đình Quế,Nông Đình Quế,https://picsum.photos/200/200?random=355
356,Oanh Chung My,Oanh Chung My,https://picsum.photos/200/200?random=356
357,Oanh Hoàng,Oanh Hoàng,https://picsum.photos/200/200?random=357
358,P K,P K,https://picsum.photos/200/200?random=358
359,PHAN PHUONG,PHAN PHUONG,https://picsum.photos/200/200?random=359
360,PHẠM HỒNG MINH,PHẠM HỒNG MINH,https://picsum.photos/200/200?random=360
361,Pan Yuming,Pan Yuming,https://picsum.photos/200/200?random=361
362,Patrick Nguyen,Patrick Nguyen,https://picsum.photos/200/200?random=362
363,Pham Ba Viet,Pham Ba Viet,https://picsum.photos/200/200?random=363
364,Pham Linh,Pham Linh,https://picsum.photos/200/200?random=364
365,Pham Tan,Pham Tan,https://picsum.photos/200/200?random=365
366,Phan Michael (Soái Ka Phan Hải),Phan Michael (Soái Ka Phan Hải),https://picsum.photos/200/200?random=366
367,PhanTom Lancer,PhanTom Lancer,https://picsum.photos/200/200?random=367
368,Phg Phm,Phg Phm,https://picsum.photos/200/200?random=368
369,Phi,Phi,https://picsum.photos/200/200?random=369
370,Phong Nguyễn,Phong Nguyễn,https://picsum.photos/200/200?random=370
371,Phong Pham Hong,Phong Pham Hong,https://picsum.photos/200/200?random=371
372,Phuc Nguyen,Phuc Nguyen,https://picsum.photos/200/200?random=372
373,Phuc Tran,Phuc Tran,https://picsum.photos/200/200?random=373
374,Phuong Dong,Phuong Dong,https://picsum.photos/200/200?random=374
375,Phuong Nguyen,Phuong Nguyen,https://picsum.photos/200/200?random=375
376,Phuong Phuong Nguyen,Phuong Phuong Nguyen,https://picsum.photos/200/200?random=376
377,Phuong Thao Pham,Phuong Thao Pham,https://picsum.photos/200/200?random=377
378,Phúc Nguyễn,Phúc Nguyễn,https://picsum.photos/200/200?random=378
379,Phương Anh Nguyễn,Phương Anh Nguyễn,https://picsum.photos/200/200?random=379
380,Phương Nguyễn,Phương Nguyễn,https://picsum.photos/200/200?random=380
381,Phương Phạm,Phương Phạm,https://picsum.photos/200/200?random=381
382,Phước Nguyễn,Phước Nguyễn,https://picsum.photos/200/200?random=382
383,Phạm Anh Đạt,Phạm Anh Đạt,https://picsum.photos/200/200?random=383
384,Phạm Hoài Nhân,Phạm Hoài Nhân,https://picsum.photos/200/200?random=384
385,Phạm Phương Tuấn Minh (Minhppt),Phạm Phương Tuấn Minh (Minhppt),https://picsum.photos/200/200?random=385
386,Phạm Đức Phương,Phạm Đức Phương,https://picsum.photos/200/200?random=386
387,Piney Hà,Piney Hà,https://picsum.photos/200/200?random=387
388,Ps Nguyễn,Ps Nguyễn,https://picsum.photos/200/200?random=388
389,Quan Nguyen,Quan Nguyen,https://picsum.photos/200/200?random=389
390,Quang Hoàn Nguyễn,Quang Hoàn Nguyễn,https://picsum.photos/200/200?random=390
391,Quang Nguyen,Quang Nguyen,https://picsum.photos/200/200?random=391
392,Quang Nguyễn,Quang Nguyễn,https://picsum.photos/200/200?random=392
393,Quang TV68,Quang TV68,https://picsum.photos/200/200?random=393
394,Quang Vĩ Nguyễn,Quang Vĩ Nguyễn,https://picsum.photos/200/200?random=394
395,Quoc Tran Dang Phi Minh,Quoc Tran Dang Phi Minh,https://picsum.photos/200/200?random=395
396,Quoc Viet Nguyen,Quoc Viet Nguyen,https://picsum.photos/200/200?random=396
397,Quyên Nguyễn,Quyên Nguyễn,https://picsum.photos/200/200?random=397
398,Quyết Nguyễn Văn,Quyết Nguyễn Văn,https://picsum.photos/200/200?random=398
399,Quà Tặng VIP,Quà Tặng VIP,https://picsum.photos/200/200?random=399
400,Quân Nguyễn Hữu,Quân Nguyễn Hữu,https://picsum.photos/200/200?random=400
401,Quân Phạm,Quân Phạm,https://picsum.photos/200/200?random=401
402,Quý Trần Bá,Quý Trần Bá,https://picsum.photos/200/200?random=402
403,Quốc Hưng,Quốc Hưng,https://picsum.photos/200/200?random=403
404,Quỳnh Anh,Quỳnh Anh,https://picsum.photos/200/200?random=404
405,Rex Dancer,Rex Dancer,https://picsum.photos/200/200?random=405
406,Rin,Rin,https://picsum.photos/200/200?random=406
407,Rose Ta Tour Guide,Rose Ta Tour Guide,https://picsum.photos/200/200?random=407
408,Rosie Huỳnh,Rosie Huỳnh,https://picsum.photos/200/200?random=408
409,Sac Bui Nguyen,Sac Bui Nguyen,https://picsum.photos/200/200?random=409
410,Sai Quan khâm,Sai Quan khâm,https://picsum.photos/200/200?random=410
411,Sailor Henry,Sailor Henry,https://picsum.photos/200/200?random=411
412,Sam Pham Thi,Sam Pham Thi,https://picsum.photos/200/200?random=412
413,Sang Hà Ngọc,Sang Hà Ngọc,https://picsum.photos/200/200?random=413
414,Sang Nguyễn,Sang Nguyễn,https://picsum.photos/200/200?random=414
415,Saruboi DQ,Saruboi DQ,https://picsum.photos/200/200?random=415
416,Satori,Satori,https://picsum.photos/200/200?random=416
417,Sinhbalotravel,Sinhbalotravel,https://picsum.photos/200/200?random=417
418,Soldier Hoàng,Soldier Hoàng,https://picsum.photos/200/200?random=418
419,Son Dao,Son Dao,https://picsum.photos/200/200?random=419
420,Son Dinh415,Son Dinh415,https://picsum.photos/200/200?random=420
421,Son Nguyen,Son Nguyen,https://picsum.photos/200/200?random=421
422,Son Nguyen Thanh,Son Nguyen Thanh,https://picsum.photos/200/200?random=422
423,Son Tran,Son Tran,https://picsum.photos/200/200?random=423
424,Sonnhi EcoFun Journey,Sonnhi EcoFun Journey,https://picsum.photos/200/200?random=424
425,Sown Du,Sown Du,https://picsum.photos/200/200?random=425
426,SÂM NGỌC LINH TUMORONG - KONTUM Atuagin,SÂM NGỌC LINH TUMORONG - KONTUM Atuagin,https://picsum.photos/200/200?random=426
427,Sơn Quách Thanh,Sơn Quách Thanh,https://picsum.photos/200/200?random=427
428,Sơn Thành Huỳnh,Sơn Thành Huỳnh,https://picsum.photos/200/200?random=428
429,Sơn Đỗ,Sơn Đỗ,https://picsum.photos/200/200?random=429
430,"Số Đẹp BxB - Kiếp Này Không Chơi, Kiếp Nào Chơi ???","Số Đẹp BxB - Kiếp Này Không Chơi, Kiếp Nào Chơi ???",https://picsum.photos/200/200?random=430
431,T A,T A,https://picsum.photos/200/200?random=431
432,T Ba,T Ba,https://picsum.photos/200/200?random=432
433,T C,T C,https://picsum.photos/200/200?random=433
434,THANH TAM DINH,THANH TAM DINH,https://picsum.photos/200/200?random=434
435,THONG VICTOR,THONG VICTOR,https://picsum.photos/200/200?random=435
436,TRỊNH NGUYỄN TRUNG,TRỊNH NGUYỄN TRUNG,https://picsum.photos/200/200?random=436
437,Tam Lê,Tam Lê,https://picsum.photos/200/200?random=437
438,Tam Nguyen,Tam Nguyen,https://picsum.photos/200/200?random=438
439,Tam chúc,Tam chúc,https://picsum.photos/200/200?random=439
440,Tammy Nguyen,Tammy Nguyen,https://picsum.photos/200/200?random=440
441,Tan Phung,Tan Phung,https://picsum.photos/200/200?random=441
442,"Thai Ha, Nguyen","Thai Ha, Nguyen",https://picsum.photos/200/200?random=442
443,Thai Nguyen,Thai Nguyen,https://picsum.photos/200/200?random=443
444,Thaibao Le,Thaibao Le,https://picsum.photos/200/200?random=444
445,Thang Huynh,Thang Huynh,https://picsum.photos/200/200?random=445
446,Thang Nguyen,Thang Nguyen,https://picsum.photos/200/200?random=446
447,Thanh,Thanh,https://picsum.photos/200/200?random=447
448,Thanh Bình Phan Thị,Thanh Bình Phan Thị,https://picsum.photos/200/200?random=448
449,Thanh Huyền Đỗ Thị,Thanh Huyền Đỗ Thị,https://picsum.photos/200/200?random=449
450,Thanh Le,Thanh Le,https://picsum.photos/200/200?random=450
451,Thanh Nguyen,Thanh Nguyen,https://picsum.photos/200/200?random=451
452,Thanh Nguyễn,Thanh Nguyễn,https://picsum.photos/200/200?random=452
453,Thanh Quỳnh,Thanh Quỳnh,https://picsum.photos/200/200?random=453
454,Thanh Tam Nguyen,Thanh Tam Nguyen,https://picsum.photos/200/200?random=454
455,Thanh Tran,Thanh Tran,https://picsum.photos/200/200?random=455
456,Thanh Tuan,Thanh Tuan,https://picsum.photos/200/200?random=456
457,Thao Dang,Thao Dang,https://picsum.photos/200/200?random=457
458,Thao Nguyen,Thao Nguyen,https://picsum.photos/200/200?random=458
459,Thao Nguyen Nguyen,Thao Nguyen Nguyen,https://picsum.photos/200/200?random=459
460,The Manh Pham,The Manh Pham,https://picsum.photos/200/200?random=460
461,Thi Truong,Thi Truong,https://picsum.photos/200/200?random=461
462,Thien Nguyen,Thien Nguyen,https://picsum.photos/200/200?random=462
463,Thiên Trần (Julian),Thiên Trần (Julian),https://picsum.photos/200/200?random=463
464,Thong Nguyen,Thong Nguyen,https://picsum.photos/200/200?random=464
465,Thu Nguyen,Thu Nguyen,https://picsum.photos/200/200?random=465
466,Thuan Le,Thuan Le,https://picsum.photos/200/200?random=466
467,Thuc Le,Thuc Le,https://picsum.photos/200/200?random=467
468,Thuong Nguyen,Thuong Nguyen,https://picsum.photos/200/200?random=468
469,Thuy Dao Thanh,Thuy Dao Thanh,https://picsum.photos/200/200?random=469
470,Thuy Lee,Thuy Lee,https://picsum.photos/200/200?random=470
471,Thuy Nguyen,Thuy Nguyen,https://picsum.photos/200/200?random=471
472,Thuỷ Vũ,Thuỷ Vũ,https://picsum.photos/200/200?random=472
473,Thành Long,Thành Long,https://picsum.photos/200/200?random=473
474,Thành Nguyễn,Thành Nguyễn,https://picsum.photos/200/200?random=474
475,Thành Nguyễn Hữu,Thành Nguyễn Hữu,https://picsum.photos/200/200?random=475
476,Thành Nguyễn Trung,Thành Nguyễn Trung,https://picsum.photos/200/200?random=476
477,Thái Sơn Nguyễn,Thái Sơn Nguyễn,https://picsum.photos/200/200?random=477
478,Thái Vũ Văn,Thái Vũ Văn,https://picsum.photos/200/200?random=478
479,Thân Ng,Thân Ng,https://picsum.photos/200/200?random=479
480,Thông Hà Đình,Thông Hà Đình,https://picsum.photos/200/200?random=480
481,Thông Khưu,Thông Khưu,https://picsum.photos/200/200?random=481
482,Thư Lê Văn (Perfume4U),Thư Lê Văn (Perfume4U),https://picsum.photos/200/200?random=482
483,Thường Nguyễn,Thường Nguyễn,https://picsum.photos/200/200?random=483
484,Thắng Nguyễn,Thắng Nguyễn,https://picsum.photos/200/200?random=484
485,Thế Anh Nguyễn,Thế Anh Nguyễn,https://picsum.photos/200/200?random=485
486,Thế Anh Trịnh,Thế Anh Trịnh,https://picsum.photos/200/200?random=486
487,Thị Thêm Thương Dương,Thị Thêm Thương Dương,https://picsum.photos/200/200?random=487
488,Thịnh Nguyễn,Thịnh Nguyễn,https://picsum.photos/200/200?random=488
489,Thịnh Nguyễn Văn,Thịnh Nguyễn Văn,https://picsum.photos/200/200?random=489
490,Thọ LUCKY,Thọ LUCKY,https://picsum.photos/200/200?random=490
491,Thủy Nguyễn,Thủy Nguyễn,https://picsum.photos/200/200?random=491
492,Thủy Phạm Thị,Thủy Phạm Thị,https://picsum.photos/200/200?random=492
493,Tien Nguyen,Tien Nguyen,https://picsum.photos/200/200?random=493
494,Tieumucdong Goat,Tieumucdong Goat,https://picsum.photos/200/200?random=494
495,Tiên Giang Lý,Tiên Giang Lý,https://picsum.photos/200/200?random=495
496,Tiến Nguyễn,Tiến Nguyễn,https://picsum.photos/200/200?random=496
497,Tiến Trần,Tiến Trần,https://picsum.photos/200/200?random=497
498,Toan Tran,Toan Tran,https://picsum.photos/200/200?random=498
499,Toan Trinh Xuan,Toan Trinh Xuan,https://picsum.photos/200/200?random=499
500,Toon Tran,Toon Tran,https://picsum.photos/200/200?random=500
501,Toàn Phạm Văn,Toàn Phạm Văn,https://picsum.photos/200/200?random=501
502,Tram Khang,Tram Khang,https://picsum.photos/200/200?random=502
503,Tran Thuy Duong,Tran Thuy Duong,https://picsum.photos/200/200?random=503
504,Tran Van,Tran Van,https://picsum.photos/200/200?random=504
505,Trang Bùi,Trang Bùi,https://picsum.photos/200/200?random=505
506,Trang Lê,Trang Lê,https://picsum.photos/200/200?random=506
507,Trang Ngoc Gia (Đại An),Trang Ngoc Gia (Đại An),https://picsum.photos/200/200?random=507
508,Trang Nguyễn,Trang Nguyễn,https://picsum.photos/200/200?random=508
509,Trang Thùy (Tem),Trang Thùy (Tem),https://picsum.photos/200/200?random=509
510,Trung Ha,Trung Ha,https://picsum.photos/200/200?random=510
511,Trung Hiếu Nguyễn,Trung Hiếu Nguyễn,https://picsum.photos/200/200?random=511
512,Trung Kiên Bất Động Sản,Trung Kiên Bất Động Sản,https://picsum.photos/200/200?random=512
513,Trung Lý Hữu,Trung Lý Hữu,https://picsum.photos/200/200?random=513
514,Trung Lập Nguyễn,Trung Lập Nguyễn,https://picsum.photos/200/200?random=514
515,Trung Nguyen,Trung Nguyen,https://picsum.photos/200/200?random=515
516,Trung Nguyễn,Trung Nguyễn,https://picsum.photos/200/200?random=516
517,Trung Trump,Trung Trump,https://picsum.photos/200/200?random=517
518,Trung VAN,Trung VAN,https://picsum.photos/200/200?random=518
519,Trung-Kiên Nguyễn,Trung-Kiên Nguyễn,https://picsum.photos/200/200?random=519
520,Truong Cong Minh,Truong Cong Minh,https://picsum.photos/200/200?random=520
521,Truong Le,Truong Le,https://picsum.photos/200/200?random=521
522,Truong Nguyen,Truong Nguyen,https://picsum.photos/200/200?random=522
523,Truong Pham,Truong Pham,https://picsum.photos/200/200?random=523
524,Truong Pham Van,Truong Pham Van,https://picsum.photos/200/200?random=524
525,Truyet Ngo Thuong,Truyet Ngo Thuong,https://picsum.photos/200/200?random=525
526,Trà Nguyễn,Trà Nguyễn,https://picsum.photos/200/200?random=526
527,Trân,Trân,https://picsum.photos/200/200?random=527
528,Trương Ngọc Hải (Hari Truong),Trương Ngọc Hải (Hari Truong),https://picsum.photos/200/200?random=528
529,Trương Ngọc Nam,Trương Ngọc Nam,https://picsum.photos/200/200?random=529
530,Trương Thị Yến Linh,Trương Thị Yến Linh,https://picsum.photos/200/200?random=530
531,Trường Giang Lê Phú,Trường Giang Lê Phú,https://picsum.photos/200/200?random=531
532,Trường Nguyễn,Trường Nguyễn,https://picsum.photos/200/200?random=532
533,Trường Nguyễn Xuân,Trường Nguyễn Xuân,https://picsum.photos/200/200?random=533
534,Trần Anh Tuấn,Trần Anh Tuấn,https://picsum.photos/200/200?random=534
535,Trần Mạnh Ước,Trần Mạnh Ước,https://picsum.photos/200/200?random=535
536,Trần Thảo Tiên,Trần Thảo Tiên,https://picsum.photos/200/200?random=536
537,Trần Đức Tín (Cô Lữ),Trần Đức Tín (Cô Lữ),https://picsum.photos/200/200?random=537
538,Tuan Anh Nguyen,Tuan Anh Nguyen,https://picsum.photos/200/200?random=538
539,Tuan Dang,Tuan Dang,https://picsum.photos/200/200?random=539
540,Tuan Duong Van,Tuan Duong Van,https://picsum.photos/200/200?random=540
541,Tuan Nguyen,Tuan Nguyen,https://picsum.photos/200/200?random=541
542,Tuan Tran,Tuan Tran,https://picsum.photos/200/200?random=542
543,Tue Nguyen,Tue Nguyen,https://picsum.photos/200/200?random=543
544,Tung Nguyen,Tung Nguyen,https://picsum.photos/200/200?random=544
545,Tung Trannhat,Tung Trannhat,https://picsum.photos/200/200?random=545
546,Tuong Music,Tuong Music,https://picsum.photos/200/200?random=546
547,Tuyên Đào,Tuyên Đào,https://picsum.photos/200/200?random=547
548,Tuấn Anh,Tuấn Anh,https://picsum.photos/200/200?random=548
549,Tuấn Anh Bùi,Tuấn Anh Bùi,https://picsum.photos/200/200?random=549
550,Tuấn Anh Nguyễn,Tuấn Anh Nguyễn,https://picsum.photos/200/200?random=550
551,Tuấn Cao,Tuấn Cao,https://picsum.photos/200/200?random=551
552,Tuấn Lê Anh,Tuấn Lê Anh,https://picsum.photos/200/200?random=552
553,Tuấn Nguyễn,Tuấn Nguyễn,https://picsum.photos/200/200?random=553
554,Tuấn Thanh,Tuấn Thanh,https://picsum.photos/200/200?random=554
555,Tuấn Đào,Tuấn Đào,https://picsum.photos/200/200?random=555
556,Tâm Lê Văn,Tâm Lê Văn,https://picsum.photos/200/200?random=556
557,Tâm Nguyễn,Tâm Nguyễn,https://picsum.photos/200/200?random=557
558,Tân Xe,Tân Xe,https://picsum.photos/200/200?random=558
559,Tình Đinh Thanh,Tình Đinh Thanh,https://picsum.photos/200/200?random=559
560,Tín Trần,Tín Trần,https://picsum.photos/200/200?random=560
561,Tùng Trần,Tùng Trần,https://picsum.photos/200/200?random=561
562,Tú Anh,Tú Anh,https://picsum.photos/200/200?random=562
563,Tấn Nguyễn,Tấn Nguyễn,https://picsum.photos/200/200?random=563
564,Tầm Mạc Văn,Tầm Mạc Văn,https://picsum.photos/200/200?random=564
565,Từ Nam Ra Bắc,Từ Nam Ra Bắc,https://picsum.photos/200/200?random=565
566,VIET THANH DUONG,VIET THANH DUONG,https://picsum.photos/200/200?random=566
567,VIỆT HÙNG TRỊNH,VIỆT HÙNG TRỊNH,https://picsum.photos/200/200?random=567
568,Van Anh,Van Anh,https://picsum.photos/200/200?random=568
569,Viet Nguyen,Viet Nguyen,https://picsum.photos/200/200?random=569
570,Vinh Mai Ky,Vinh Mai Ky,https://picsum.photos/200/200?random=570
571,Vinh Tran Hoang,Vinh Tran Hoang,https://picsum.photos/200/200?random=571
572,Việt Nguyễn,Việt Nguyễn,https://picsum.photos/200/200?random=572
573,Việt Nguyễn (VTTeam),Việt Nguyễn (VTTeam),https://picsum.photos/200/200?random=573
574,Việt Nguyễn Quốc,Việt Nguyễn Quốc,https://picsum.photos/200/200?random=574
575,Vu Le Xuan,Vu Le Xuan,https://picsum.photos/200/200?random=575
576,Vui Song,Vui Song,https://picsum.photos/200/200?random=576
577,Vuong Tran Quoc,Vuong Tran Quoc,https://picsum.photos/200/200?random=577
578,Vy Nguyễn,Vy Nguyễn,https://picsum.photos/200/200?random=578
579,Võ BìnhThới (Si Fu),Võ BìnhThới (Si Fu),https://picsum.photos/200/200?random=579
580,Võ Tú,Võ Tú,https://picsum.photos/200/200?random=580
581,Văn Kỷ Nguyễn,Văn Kỷ Nguyễn,https://picsum.photos/200/200?random=581
582,Văn Sỹ nguyễn,Văn Sỹ nguyễn,https://picsum.photos/200/200?random=582
583,Vũ Anh Nguyễn,Vũ Anh Nguyễn,https://picsum.photos/200/200?random=583
584,Vũ Nguyễn Lâm Thanh,Vũ Nguyễn Lâm Thanh,https://picsum.photos/200/200?random=584
585,Vũ NhưThiệu,Vũ NhưThiệu,https://picsum.photos/200/200?random=585
586,Vũ Tâm,Vũ Tâm,https://picsum.photos/200/200?random=586
587,Vương,Vương,https://picsum.photos/200/200?random=587
588,Xieu Mr,Xieu Mr,https://picsum.photos/200/200?random=588
589,Xuan Nguyen,Xuan Nguyen,https://picsum.photos/200/200?random=589
590,Xuân Phạm,Xuân Phạm,https://picsum.photos/200/200?random=590
591,Xuân gấm Đỗ thị,Xuân gấm Đỗ thị,https://picsum.photos/200/200?random=591
592,Y BÌNH LÊ THỊ,Y BÌNH LÊ THỊ,https://picsum.photos/200/200?random=592
593,YANG MINH,YANG MINH,https://picsum.photos/200/200?random=593
594,Yuki Hieu,Yuki Hieu,https://picsum.photos/200/200?random=594
595,Yến Nguyễn,Yến Nguyễn,https://picsum.photos/200/200?random=595
596,Zane NH,Zane NH,https://picsum.photos/200/200?random=596
597,Ziberg,Ziberg,https://picsum.photos/200/200?random=597
598,binh tran,binh tran,https://picsum.photos/200/200?random=598
599,centerpleiku chung (dulichbonphuong),centerpleiku chung (dulichbonphuong),https://picsum.photos/200/200?random=599
600,dao truong thi,dao truong thi,https://picsum.photos/200/200?random=600
601,giang nguyen,giang nguyen,https://picsum.photos/200/200?random=601
602,hh minh,hh minh,https://picsum.photos/200/200?random=602
603,hung anthony,hung anthony,https://picsum.photos/200/200?random=603
604,kidu kui,kidu kui,https://picsum.photos/200/200?random=604
605,kính mắt phố nối,kính mắt phố nối,https://picsum.photos/200/200?random=605
606,lan ngoc,lan ngoc,https://picsum.photos/200/200?random=606
607,linh nguyen,linh nguyen,https://picsum.photos/200/200?random=607
608,linh pdn,linh pdn,https://picsum.photos/200/200?random=608
609,loi ha,loi ha,https://picsum.photos/200/200?random=609
610,manh tran,manh tran,https://picsum.photos/200/200?random=610
611,ngo thinh,ngo thinh,https://picsum.photos/200/200?random=611
612,ngoc diep luong,ngoc diep luong,https://picsum.photos/200/200?random=612
613,nguyen giang,nguyen giang,https://picsum.photos/200/200?random=613
614,nguyen thanh dat,nguyen thanh dat,https://picsum.photos/200/200?random=614
615,nguyen thanh nam,nguyen thanh nam,https://picsum.photos/200/200?random=615
616,nguyen vinh,nguyen vinh,https://picsum.photos/200/200?random=616
617,nguyên kha lê,nguyên kha lê,https://picsum.photos/200/200?random=617
618,nguyển hùng phương,nguyển hùng phương,https://picsum.photos/200/200?random=618
619,phạm huy quang,phạm huy quang,https://picsum.photos/200/200?random=619
620,pixel vietnam,pixel vietnam,https://picsum.photos/200/200?random=620
621,pth vietnam,pth vietnam,https://picsum.photos/200/200?random=621
622,quyen nguyen,quyen nguyen,https://picsum.photos/200/200?random=622
623,thanh duc Nguyen,thanh duc Nguyen,https://picsum.photos/200/200?random=623
624,thien nhien Nguyen,thien nhien Nguyen,https://picsum.photos/200/200?random=624
625,thuan chung vo minh,thuan chung vo minh,https://picsum.photos/200/200?random=625
626,thông ly,thông ly,https://picsum.photos/200/200?random=626
627,thư phạm,thư phạm,https://picsum.photos/200/200?random=627
628,trong nguyen,trong nguyen,https://picsum.photos/200/200?random=628
629,vu tuan anh,vu tuan anh,https://picsum.photos/200/200?random=629
630,xuan lehuu,xuan lehuu,https://picsum.photos/200/200?random=630
631,ÁO DÀI,ÁO DÀI,https://picsum.photos/200/200?random=631
632,ĐOÀN NGỌC HOÀNG,ĐOÀN NGỌC HOÀNG,https://picsum.photos/200/200?random=632
633,Đ_Quyên (Ms.Q),Đ_Quyên (Ms.Q),https://picsum.photos/200/200?random=633
634,Đan Ngô,Đan Ngô,https://picsum.photos/200/200?random=634
635,Đinh Tuấn Anh,Đinh Tuấn Anh,https://picsum.photos/200/200?random=635
636,Điền Nguyễn P.T,Điền Nguyễn P.T,https://picsum.photos/200/200?random=636
637,Đoàn Trần,Đoàn Trần,https://picsum.photos/200/200?random=637
638,Đình Tâm,Đình Tâm,https://picsum.photos/200/200?random=638
639,Đạt (Danny),Đạt (Danny),https://picsum.photos/200/200?random=639
640,Đạt Nguyễn,Đạt Nguyễn,https://picsum.photos/200/200?random=640
641,Đất Tây Đô Travel,Đất Tây Đô Travel,https://picsum.photos/200/200?random=641
642,Đặng Hoàng Minh,Đặng Hoàng Minh,https://picsum.photos/200/200?random=642
643,Độc Hành Nhân,Độc Hành Nhân,https://picsum.photos/200/200?random=643
644,Đức HỒ,Đức HỒ,https://picsum.photos/200/200?random=644
645,Đức Lộc Phạm,Đức Lộc Phạm,https://picsum.photos/200/200?random=645
646,Đức Nguyễn,Đức Nguyễn,https://picsum.photos/200/200?random=646
647,Đức Tín,Đức Tín,https://picsum.photos/200/200?random=647
648,Đức Đen,Đức Đen,https://picsum.photos/200/200?random=648
649,장이,장이,https://picsum.photos/200/200?random=649
